hex,L,a,b,C,W,V,K0,Vgate,Vscale,Keff,pClear,familySumBeforeNorm,familyScores,chosenFamily,subScores,season12,top3
#FEA176,74.7,30.2,36.7,47.55,0.920,0.747,0.951,0.744,0.833,0.792,0.946,0.909,spring:0.884,autumn:0.047,summer:0.005,winter:0.064,spring,spring-light:0.237,spring-true:0.575,spring-bright:0.097,spring-true,spring-true:37.9%;spring-light:27.0%;spring-bright:23.5%
#FFD4A3,87.5,8.5,29.9,31.08,0.880,0.875,0.622,1.000,1.000,0.622,0.807,0.918,spring:0.745,autumn:0.153,summer:0.025,winter:0.078,spring,spring-light:0.874,spring-true:0.252,spring-bright:0.000,spring-light,spring-light:38.1%;spring-true:20.5%;spring-bright:15.9%
#FFBE00,80.8,10.9,82.9,83.58,0.996,0.808,1.000,0.895,0.932,0.932,0.982,0.940,spring:0.981,autumn:0.016,summer:0.000,winter:0.003,spring,spring-light:0.099,spring-true:0.000,spring-bright:0.921,spring-bright,spring-bright:53.4%;spring-light:23.5%;spring-true:21.3%
#FF8C42,69.8,38.2,56.9,68.57,0.978,0.698,1.000,0.619,0.752,0.752,0.926,0.903,spring:0.911,autumn:0.069,summer:0.002,winter:0.018,spring,spring-light:0.000,spring-true:0.702,spring-bright:0.410,spring-true,spring-true:40.6%;spring-bright:30.3%;spring-light:20.1%
#FF0801,53.4,79.6,67.0,104.02,0.989,0.534,1.000,0.211,0.487,0.647,0.837,0.865,spring:0.823,autumn:0.166,summer:0.002,winter:0.009,spring,spring-light:0.000,spring-true:0.613,spring-bright:0.000,spring-true,spring-true:39.5%;spring-light:21.4%;spring-bright:21.4%
#00FF41,87.9,-83.8,71.6,110.22,0.992,0.879,1.000,1.000,1.000,1.000,0.990,0.960,spring:0.985,autumn:0.009,summer:0.000,winter:0.006,spring,spring-light:0.000,spring-true:0.000,spring-bright:0.208,spring-bright,spring-bright:37.5%;spring-light:30.5%;spring-true:30.5%
#E8D5C4,86.4,3.8,10.8,11.43,0.672,0.864,0.229,1.000,1.000,0.373,0.345,0.879,spring:0.253,autumn:0.414,summer:0.237,winter:0.095,autumn,autumn-soft:0.000,autumn-true:0.000,autumn-deep:0.000,autumn-soft,autumn-soft:24.9%;autumn-true:8.3%;autumn-deep:8.3%
#D4E8F0,90.8,-5.0,-6.1,7.93,0.399,0.908,0.159,1.000,1.000,0.359,0.320,0.887,spring:0.140,autumn:0.250,summer:0.452,winter:0.158,summer,summer-light:0.712,summer-true:0.086,summer-soft:0.000,summer-light,summer-light:22.3%;summer-true:11.9%;summer-soft:11.0%
#8FA3B8,66.1,-2.3,-13.2,13.36,0.294,0.661,0.267,0.528,0.693,0.362,0.324,0.886,spring:0.097,autumn:0.194,summer:0.502,winter:0.207,summer,summer-light:0.000,summer-true:0.625,summer-soft:0.814,summer-soft,summer-soft:22.1%;summer-true:18.3%;summer-light:9.8%
#B8A8A8,70.2,5.8,2.1,6.14,0.535,0.702,0.123,0.630,0.759,0.360,0.321,0.883,spring:0.177,autumn:0.354,summer:0.336,winter:0.133,autumn,autumn-soft:0.849,autumn-true:0.000,autumn-deep:0.000,autumn-soft,autumn-soft:19.1%;autumn-true:8.2%;autumn-deep:8.2%
#C4B5A8,74.6,3.1,8.5,9.11,0.639,0.746,0.182,0.739,0.831,0.367,0.335,0.881,spring:0.224,autumn:0.411,summer:0.259,winter:0.106,autumn,autumn-soft:1.000,autumn-true:0.481,autumn-deep:0.000,autumn-soft,autumn-soft:20.9%;autumn-true:12.4%;autumn-deep:7.7%
#A8B8C4,73.9,-3.0,-7.9,8.50,0.371,0.739,0.170,0.723,0.820,0.359,0.320,0.886,spring:0.123,autumn:0.242,summer:0.458,winter:0.177,summer,summer-light:0.160,summer-true:0.317,summer-soft:0.575,summer-soft,summer-soft:18.8%;summer-true:14.5%;summer-light:12.4%
#B8A088,67.4,5.1,15.8,16.56,0.741,0.674,0.331,0.559,0.713,0.387,0.371,0.880,spring:0.282,autumn:0.458,summer:0.173,winter:0.087,autumn,autumn-soft:1.000,autumn-true:1.000,autumn-deep:0.000,autumn-true,autumn-soft:19.3%;autumn-true:19.3%;autumn-deep:7.1%
#A88C70,60.1,6.4,18.9,19.97,0.779,0.601,0.399,0.378,0.596,0.397,0.391,0.880,spring:0.305,autumn:0.475,summer:0.141,winter:0.080,autumn,autumn-soft:1.000,autumn-true:1.000,autumn-deep:0.000,autumn-true,autumn-soft:20.0%;autumn-true:20.0%;autumn-deep:7.4%
#B37256,54.3,22.6,26.1,34.55,0.851,0.543,0.691,0.233,0.502,0.438,0.475,0.877,spring:0.398,autumn:0.453,summer:0.081,winter:0.068,autumn,autumn-soft:0.991,autumn-true:1.000,autumn-deep:0.033,autumn-true,autumn-true:19.1%;autumn-soft:18.9%;autumn-deep:7.3%
#D4A070,69.7,13.4,32.4,35.12,0.897,0.697,0.702,0.617,0.751,0.528,0.656,0.887,spring:0.603,autumn:0.299,summer:0.038,winter:0.060,spring,spring-light:0.000,spring-true:1.000,spring-bright:0.000,spring-true,spring-true:34.7%;spring-light:12.8%;spring-bright:12.8%
#8C5C42,43.7,16.6,22.9,28.34,0.822,0.437,0.567,0.000,0.350,0.420,0.438,0.877,spring:0.341,autumn:0.481,summer:0.101,winter:0.077,autumn,autumn-soft:0.869,autumn-true:1.000,autumn-deep:0.566,autumn-true,autumn-true:19.0%;autumn-soft:16.7%;autumn-deep:12.3%
#704228,32.9,17.2,24.1,29.58,0.833,0.329,0.592,0.000,0.350,0.424,0.446,0.875,spring:0.339,autumn:0.493,summer:0.092,winter:0.077,autumn,autumn-soft:0.000,autumn-true:0.291,autumn-deep:1.000,autumn-deep,autumn-deep:26.5%;autumn-true:13.0%;autumn-soft:9.7%
#00A2FF,64.2,-1.7,-55.7,55.71,0.024,0.642,1.000,0.480,0.662,0.662,0.854,0.827,spring:0.022,autumn:0.004,summer:0.160,winter:0.814,winter,winter-bright:0.035,winter-true:1.000,winter-deep:0.000,winter-true,winter-true:46.6%;winter-bright:17.7%;winter-deep:17.1%
#FF0041,53.7,81.2,40.1,90.59,0.936,0.537,1.000,0.216,0.491,0.604,0.783,0.867,spring:0.728,autumn:0.209,summer:0.015,winter:0.049,spring,spring-light:0.000,spring-true:1.000,spring-bright:0.000,spring-true,spring-true:41.9%;spring-light:15.4%;spring-bright:15.4%
#4A5C8C,39.6,6.9,-28.8,29.57,0.128,0.396,0.591,0.000,0.350,0.361,0.323,0.881,spring:0.039,autumn:0.091,summer:0.589,winter:0.282,summer,summer-light:0.000,summer-true:0.000,summer-soft:0.438,summer-soft,summer-soft:25.7%;summer-light:16.6%;summer-true:16.6%
#5C2842,24.3,27.2,-5.1,27.65,0.416,0.243,0.553,0.000,0.350,0.385,0.367,0.881,spring:0.134,autumn:0.284,summer:0.356,winter:0.226,summer,summer-light:0.000,summer-true:0.000,summer-soft:0.000,summer-true,summer-true:21.4%;summer-light:7.1%;summer-soft:7.1%
#282842,17.3,7.5,-16.4,18.06,0.251,0.173,0.361,0.000,0.350,0.364,0.327,0.878,spring:0.070,autumn:0.186,summer:0.479,winter:0.265,summer,summer-light:0.000,summer-true:0.000,summer-soft:0.000,summer-soft,summer-soft:28.8%;summer-light:9.6%;summer-true:9.6%
#421828,15.3,22.3,-0.8,22.34,0.487,0.153,0.447,0.000,0.350,0.383,0.363,0.882,spring:0.150,autumn:0.341,summer:0.307,winter:0.202,autumn,autumn-soft:0.000,autumn-true:0.000,autumn-deep:0.000,autumn-deep,autumn-deep:20.5%;autumn-soft:6.8%;autumn-true:6.8%